predictions_phoneme,references_phoneme
AA1 R M,B R AY1 ER0
S L IH1 P,S N UW1 P
S P AA1 R K   S T R AH1,F AA1 K S T R AA0 T
TH R IY1,R EY1
L EH1 N D,B L EH1 N D
S P R IY1 N,S P EY1 N
R IH1 T,L AY1 T
N AA1 T   M AY1 S AH0 Z,N AY1 S
T UW1,K IH1 L OW2
F EH1 R,TH AY1
B EY1 N Z,B R AO1 N
B AE1 S T,B EH1 S T
W IH1 S K IY0,W IH1 S K IY0
AA1 R M F AH0,P AA1 P AH0
W IH1 CH,R IH1 P
R EY1 S,R EY1 S
L IH1 K,L IH1 K
N OW1 HH,N AY1 N
M AY1,L AY1 ER0
S AY1 T ER0,S IH1 T ER0
G R EH1 N T,ER1 JH AH0 N T
L AY1 G T,L AY1 T
M IY1,N IY1
K L OW1,N OW1
T AY1 L,L OY1 AH0 L
AA1 R AH0 N,AH0 N D
D AA1 T,D AA1 T
AH1 M,B AH1 B AH0 L
IY1 T,IY1 T
F AO1 R T,F EH1 D
R AA1 D,R IH1 D
L AY1 P,L UW1 P
R EY1 N JH,R EY1 N JH
W IY1 M,W IY1 R
N IH1 T IH0 NG,N IH1 T IH0 NG
R IH1 T ER0,M IH1 T AH0 N
T UW1,T R EY1 N
HH AA1,HH AO1 L
SH IH1 P,CH IH1 P
CH EH1 R,S IY0 EH1 R AH0
K OW1 D,HH OW1 L D
F AO1 R K,K AO1 R K
S T R AE1 P AH0 L,S T AH1 B AH0 L
B AA1 R N,B AA1 R N
W EH1 L,W IY1 R
M AA1 R SH,M AH1 T
M AH1 CH,G AA1 L F
W IH1 CH,W IH1 SH
EY1 T IY0,EY1 T
G UW1 L IY0 AH0 T,JH UW1 L IY0 EH2 T
M AA1 R SH,N AY1 S
R EY1 K,R EY1 JH
K AE1 SH,K AE1 SH
N AA1 T,N AH1 T
R UW1 AH0 P,S L IY1 P
S N AE1 K,S N EY1 K
R EY1 D,R EY1 D
N ER1 T,N EH1 S T
K OW1 T,K AA1 R T
SH AA1 R K,R AY1 D
K AO1 L,K AA1 R
SH EH1 P,HH IY1
P AE1 T,P AE1 D
D Y UW1 G,JH AE1 G IH0 D
N AW1 IH0 NG,N AY1 N
SH UW1,SH EH1 R
K L AH1 F,N AH1 T
K AE1 L,K AA1 R
S AO1 R D,TH AO1 R N
T IY1,B IH1 T AH0 N
P AY1,P R AY1 ER0
K AE1 K T ER0 N,K IH1 T AH0 N
R AH1 K,B AE1 K
CH UW1 P,D R UW1 P
S T R IH1 N,S IH1 NG
CH IH1 R,S IY0 EH1 R AH0
M AE1 T,R UW1 T
R IY0 EY1 K,L IH1 K
K AO1 EH1,TH AY1
L AH1 P,S AH0 L EH1 K T
B AE1 T,B AE1 K
B EH1 R IY0 AH0 L,L OY1 AH0 L
N IH1 T,N AY1 T
S IH1 T,S IH1 NG K
K AO1 R K,K AO1 R K
S R UW1 P,S L IY1 P
JH IY1,G IY1 S
SH AA1 T,TH AO1 T
S UW1 T ER0,S IH1 T ER0
K L OW1,K AO1 R N
R EH1 D,R EH1 D
S P AA1 R K,B AH1 G
R IH1 T IH0 NG,M IH1 T AH0 N
OW1,OW1
SH UW1 T,S IH1 NG K
K L AH1 N,N IY1
N OW1,TH R IY1
M AH1 CH,M AH1 CH
M AH1 N CH,N AY1 S
CH W AO1 P,T R UW1 P
SH IY1,S IY1
G ER1 L,G R OW1
R IH1 P,R IH1 P
HH AA1 R M,HH EH1 M
S AW1,S OW1
R AE1 M,R AY1 Z
CH EY1 K,T R EY1 T
S IH1 T IH0 NG,S IH1 T IH0 NG
HH IH1 M,IH0 N
B EY1 V ER0,B EY1 T AH0
R EH1 D,R IH1 D
D R AY1 V,D R EH1 D
B R OW1 T ER0,G L IH1 T ER0
K AA1 R T,K AA1 R T
G L OW1,N OW1
TH R EH1 D,R EH1 D
TH ER1 SH,D AY1 S
JH UW1 L IY0 AH0 T,JH UW1 L IY0 EH2 T
F IY1 D,S IY1 D
IY1 EY1 P IY1,IY1 T
ZH IY1 R OW0,S IY0 EH1 R AH0
F K EY1,S AY1 K AH0 L
D IH0 R EY1 T ER0,D EH1 L T AH0
B IY1,B IH1 L
F R IH1 T IH0 NG,F IH1 T IH0 NG
EY1 G T,EY1 T
P IH1 R,P IH1 R
AY1 M,L AY1 ER0
M AA1 K,M AH1 K
AA0 R OW1 K OW0,EH1 K OW0
S AY1 R IH0 G,S AY1 N
B L EH1 N D,B L EH1 N D
CH IY1,T R EY1 T
CH EH1 R,HH EH1 R
S N IY1 K,S N EY1 K
EH1 L S K AO0 R,IH0 K S P L AO1 R
HH OW0 T EH1 L,HH OW0 T EH1 L
B EH1 R,B R AY1 ER0
K B R AA1 B R K,K W AH0 B EH1 K
JH IY1,G EH1 S
K IY1,W IH1 S K IY0
EH1 R,B IH1 L
SH AA1 P,D R UW1 P
M AE1 T,M AH1 T
F IH1 NG G ER0,S IH1 NG G AH0 L
D AH1 G,DH OW1
B AH1 T,B EH1 D
DH EY1   W IH1 L T EY2 K   AH0   W EH1 D IH0 NG   T R IH1 P   L EY1 T ER0,T OW1
D AA1 R K,D EH1 D
F UH1 R UW0,F L AO1 R
B AH1 N AH0 L,B AH1 B AH0 L
AA1 SH,OW1
L IH1 N D,L EH1 N D
B R AA1 K   S T R AE1 T,F AA1 K S T R AA0 T
B AE1 T,B EH1 D
M IY1 D,M IH1 R
HH IY1 N T   N AY1 F,N AY1 S
K AA1 N T ER0,HH OW0 T EH1 L
P AA1 R T IY0,P R IH1 T IY0
F R AH1 M,F AA1 R M
W IY1,L EH1 R
F AW1 N,B AO1 R N
K R OW1 P,K UW1 P
R AH1 S T,R EH1 S T
HH R AH1 G,R AY1 D
CH W IY1   EH1 M,K IH1 L OW2
S M UW1 P,S N UW1 P
S AY1 Z G IH0 T,S AY1 T
S EY1 V IH0 NG,S IH1 T IH0 NG
G AA1 R K,G AA1 L F
CH AO1,SH AY1
F OW1,F OW1
B AH1 G T,B R AO1 T
S IH1 P,Z IH1 P
IY1 Z,G IY1 S
B L IH1 N P,B L EH1 N D
D AH1 G,D AE1 G ER0
EH1 R,HH EH1 R
AO1 F R AH0,S AY1
S W AO1 R M AH0,S W AO1 R M
AA1 R AH0 K AH0 L,EH1 K OW0
B AE1 T,F AE1 T
SH IH1 T,SH R EH1 D
HH EH1 V IH0 NG,HH IH1 T IH0 NG
S P L IY1,S T AH1 B AH0 L
R AH1 S,D R EH1 S
R IH1 T AH0 N,R IH1 T AH0 N
S P AH1 L,S T AO1 R
S IY1,S IY1 D Z
R UW1 AH0 T,R UW1 T
K AH1 L,G OW1
S IH1 P,HH IY1
TH R IY1,S IY1 D
S W EH1 R IY0,S L EY1
SH UW1,SH IH1 R
AH1 P,N AY1 S
S R IH1 P,F R UW1 T
F R IH1 K T ER0,V IH1 K T ER0
S P AA1 R K,B R AO1 T
S OW1,S OW1
R AA1 K,B AE1 K
SH EH1 T,T R EH1 D
SH IY1 IH0 NG,HH IH1 T IH0 NG
T UW1,K AE1 SH
F AO1 R F AW0 R,F AO1 R
K W IH1 K ER0,W IH1 K ER0
TH R IY1,F IY1
B IH1 T ER0,B IH1 T ER0
D R IH1 F T,D R EH1 D
ER1 JH AH0 N T,ER1 JH AH0 N T
ER1 V,AH1 V
S AO1 R T,S AO1 R T
B AA1 R M,B AA1 R N
AH1 K,OW1 K EY1
K AH1 M,T AO1 R N
T R IH1 N,T R EY1 N
UW1 T S,G UW1 S
K EH1 R,B EH1 R
K R EY1 K,T EY1 K
R EY1 K,M AY1 K
B IH1 T,P IH1 T
B OW1 N,B AO1 R N
S T R IH1 M,S IH1 NG
K AA1 R K,K W AH0 B EH1 K
F IH1 T IH0 NG,F IH1 T IH0 NG
D AH1 G,JH AE1 G IH0 D
F R IH1 T,F EH1 D
R AE1 K,B AE1 K
S AO1 R P,S AO1 R T
N OY1 T,N AY1 T
S L EH1 P T,S AH0 L EH1 K T
S IH1 P,CH IH1 P
TH R AY1,R EY1
R IH1 T,R AY1 T
M EH1 R OW0,M IH1 L
K IY1,T EY1 K
F L IH1 R K,V IH1 K T ER0
R AO1 NG K,R AY1 Z
P AA1 R K,P AY1 L
S IH1 NG ER0,S IH1 NG G AH0 L
Y UW1 S   DH AH0   F AO1 R,Y UW1 N AH0 F AO2 R M
S T R AH1 K,D AY1 S
G L OW1,N AO1
SH AE1 G T,TH AO1 T
F R IY1,F IY1
P AY1 L,P R AY1 ER0
TH R IY1 T,S W IY1 T
G R EY1 V,R EY1 V
AA1 R F AH0,P AA1 P AH0
B R AA1 K   S T R AE1 T F S,F AA1 K S T R AA0 T
B EH1 S T,B EH1 S T
W IY1 R   R IH1 T AH0 N,R IH1 T AH0 N
P AA1 R K,B AH1 G
Y UW1 T ER0,G L IH1 T ER0
B IY1 T,G IY1 S
TH AO1 R,TH AO1 R N
R IH1 F T,R EH1 S T
M IY1,M IH1 R
K AO1 R T IY0,P R IH1 T IY0
M AH1 SH,M AH1 K
P UH1 L,P AY1 L
W IY1 P,W UW1 P
R EY1 K IY0,R EY1 JH
CH AE1 K T ER0,K IH1 T AH0 N
T OW1 N,T AO1 R N
S IY1 D,S IY1 D Z
G IY1 F S,G IY1 S
